{
    "best_params": {
        "C": 10,
        "epsilon": 0.01,
        "kernel": "linear"
    },
    "r2_svr_tuned": 0.6928357256951729,
    "mae_svr_tuned": 0.26018989885171445
}