{
    "best_params": {
        "C": 10,
        "epsilon": 0.01,
        "kernel": "linear"
    },
    "r2_svr_tuned": 0.7867119704831601,
    "mae_svr_tuned": 0.18062057037855875
}