{
    "best_params": {
        "C": 1,
        "epsilon": 0.01,
        "kernel": "linear"
    },
    "r2_svr_tuned": 0.6529542274219342,
    "mae_svr_tuned": 0.2649401171887923
}